{
  "id": "swoop",
  "name": "swoop",
  "layouts": {
    "LAYOUT": {
      "layout": [
        { "row": 0, "col":  0, "x":     0, "y":   0.5 },
        { "row": 0, "col":  1, "x":     1, "y":  0.25 },
        { "row": 0, "col":  2, "x":     2, "y":     0 },
        { "row": 0, "col":  3, "x":     3, "y":  0.25 },
        { "row": 0, "col":  4, "x":     4, "y": 0.375 },
        { "row": 0, "col":  6, "x":     7, "y": 0.375 },
        { "row": 0, "col":  7, "x":     8, "y":  0.25 },
        { "row": 0, "col":  8, "x":     9, "y":     0 },
        { "row": 0, "col":  9, "x":    10, "y":  0.25 },
        { "row": 0, "col": 10, "x":    11, "y":   0.5 },
        { "row": 1, "col":  0, "x":     0, "y":   1.5 },
        { "row": 1, "col":  1, "x":     1, "y":  1.25 },
        { "row": 1, "col":  2, "x":     2, "y":     1 },
        { "row": 1, "col":  3, "x":     3, "y":  1.25 },
        { "row": 1, "col":  4, "x":     4, "y": 1.375 },
        { "row": 1, "col":  6, "x":     7, "y": 1.375 },
        { "row": 1, "col":  7, "x":     8, "y":  1.25 },
        { "row": 1, "col":  8, "x":     9, "y":     1 },
        { "row": 1, "col":  9, "x":    10, "y":  1.25 },
        { "row": 1, "col": 10, "x":    11, "y":   1.5 },
        { "row": 2, "col":  0, "x":     0, "y":   2.5 },
        { "row": 2, "col":  1, "x":     1, "y":  2.25 },
        { "row": 2, "col":  2, "x":     2, "y":     2 },
        { "row": 2, "col":  3, "x":     3, "y":  2.25 },
        { "row": 2, "col":  4, "x":     4, "y": 2.375 },
        { "row": 2, "col":  6, "x":     7, "y": 2.375 },
        { "row": 2, "col":  7, "x":     8, "y":  2.25 },
        { "row": 2, "col":  8, "x":     9, "y":     2 },
        { "row": 2, "col":  9, "x":    10, "y":  2.25 },
        { "row": 2, "col": 10, "x":    11, "y":   2.5 },
        { "row": 3, "col":  2, "x":  2.25, "y":  3.25 },
        { "row": 3, "col":  3, "x": 3.375, "y":  3.25, "r":  12, "ry": 3.75 },
        { "row": 3, "col":  4, "x":   4.5, "y":  3.55, "r":  24, "ry": 4.05 },
        { "row": 3, "col":  6, "x":   6.5, "y":  3.55, "r": -24, "ry": 4.05, "rx":   7.5 },
        { "row": 3, "col":  7, "x": 7.625, "y":  3.25, "r": -12, "ry": 3.75, "rx": 8.625 },
        { "row": 3, "col":  8, "x":  8.75, "y":  3.25 }
      ]
    }
  },
  "sensors": [
    {
      "ref": "left_encoder",
      "name": "encoder_left",
      "identifier": "encoder_left",
      "compatible": "alps,ec11",
      "label": "LEFT_ENCODER",
      "enabled": false
    },
    {
      "ref": "right_encoder",
      "name": "encoder_right",
      "identifier": "encoder_right",
      "compatible": "alps,ec11",
      "label": "RIGHT_ENCODER",
      "enabled": false
    }
  ]
}